file,line,path,parent,code,status,patch,notes
admin/cli/svgtool.php,32,@,,$CFG->dirroot,no-change,,"Default value of --path option (dirroot as a value, the scan root); nothing useful to rewrite"
admin/cli/svgtool.php,84,@/,strpos,$CFG->dirroot.DIRECTORY_SEPARATOR,no-change,,Strips dirroot to build relative $relfile for log output only
admin/cli/svgtool.php,85,@,strlen,$CFG->dirroot,no-change,,Strips dirroot to build relative $relfile for log output only
admin/cli/svgtool.php,121,@/,strpos,$CFG->dirroot.DIRECTORY_SEPARATOR,no-change,,Strips dirroot to build relative $relfile for log output only
admin/cli/svgtool.php,122,@,strlen,$CFG->dirroot,no-change,,Strips dirroot to build relative $relfile for log output only
lib/setup.php,25,@,str_ends_with,$CFG->dirroot,false-positive,,"Defines/sets dirroot itself, not wrangling; dirroot is not going away (2026-06-12)"
public/admin/plugins.php,150,@,strpos,$CFG->dirroot,patched,admin-plugins.patch,Security gate before remove_plugin_folder(); strpos(dirroot) prefix check replaced with is_inside_codebase()
public/admin/plugins.php,152,@,,$CFG->dirroot,no-change,,Only a value in the exception's error-data array; left as-is (see splitting-potential-issues.md re message wording)
public/admin/tool/behat/cli/run.php,281,@/,cli_execute_parallel,"__DIR__ . ""/../../../../../""",deferred,,Test layer: encodes tests-run-in-mono-checkout; deferred as own category (2026-06-12)
public/admin/tool/behat/cli/util_single_run.php,254,@/,cli_execute_parallel,"__DIR__ . ""/../../../../""",deferred,,Test layer: encodes tests-run-in-mono-checkout; deferred as own category (2026-06-12)
public/admin/tool/behat/cli/util_single_run.php,303,@/,realpath,__DIR__.'/../../../../',deferred,,Test layer: encodes tests-run-in-mono-checkout; deferred as own category (2026-06-12)
public/admin/tool/behat/tests/manager_util_test.php,455,@,,$CFG->dirroot,deferred,,Test layer: encodes tests-run-in-mono-checkout; deferred as own category (2026-06-12)
public/admin/tool/behat/tests/manager_util_test.php,456,@,,$CFG->dirroot,deferred,,Test layer: encodes tests-run-in-mono-checkout; deferred as own category (2026-06-12)
public/admin/tool/behat/tests/manager_util_test.php,468,@,,$CFG->dirroot,deferred,,Test layer: encodes tests-run-in-mono-checkout; deferred as own category (2026-06-12)
public/admin/tool/brickfield/classes/accessibility.php,91,@,,$CFG->dirroot,patched,admin-tool-brickfield-classes-accessibility.patch,"get_file_path() built tool_brickfield's own dir via dirroot+admin+pluginpath; replaced with component_path('tool_brickfield', $path)"
public/admin/tool/componentlibrary/docspage.php,57,@,,$CFG->dirroot,patched,admin-tool-componentlibrary-docspage.patch,"implode built tool_componentlibrary's own docs path via dirroot+$docsdir; replaced with component_path('tool_componentlibrary', ""docs/$docs/$folder/$section/index.html"")"
public/admin/tool/generator/classes/site_backend.php,107,@,chdir,$CFG->dirroot,patched,admin-tool-generator-classes-site_backend.patch,"chdir(dirroot) existed only so the relative command 'php admin/tool/generator/cli/maketestcourse.php' resolved; made the script path absolute via component_path('tool_generator','cli/maketestcourse.php') and removed the chdir dance (subprocess bootstraps via __DIR__, cwd-independent)"
public/admin/tool/mobile/classes/api.php,153,@,str_replace,$CFG->dirroot,deferred,,"Builds a download URL for a plugin's mobile add-on .zip (wwwroot + path stripped of dirroot). The zip is a STATIC file served directly by the web server, not via PHP, so it can't be remapped when the plugin is relocated. Genuine splitting blocker; needs proper thought, not a mechanical to_mono_path swap. Deferred."
public/admin/tool/xmldb/actions/XMLDBCheckAction.class.php,141,@/,str_replace,$CFG->dirroot . '/',deferred,,"XMLDB tool: entry-point redesign, not per-row patch (see docs/dirroot-wrangling-strategy.md)"
public/admin/tool/xmldb/actions/create_xml_file/create_xml_file.class.php,74,@/,str_replace,$CFG->dirroot . '/',deferred,,"XMLDB tool: entry-point redesign, not per-row patch (see docs/dirroot-wrangling-strategy.md)"
public/admin/tool/xmldb/actions/delete_field/delete_field.class.php,81,@,str_replace,$CFG->dirroot,deferred,,"XMLDB tool: entry-point redesign, not per-row patch (see docs/dirroot-wrangling-strategy.md)"
public/admin/tool/xmldb/actions/delete_field/delete_field.class.php,85,@,str_replace,$CFG->dirroot,deferred,,"XMLDB tool: entry-point redesign, not per-row patch (see docs/dirroot-wrangling-strategy.md)"
public/admin/tool/xmldb/actions/delete_index/delete_index.class.php,81,@,str_replace,$CFG->dirroot,deferred,,"XMLDB tool: entry-point redesign, not per-row patch (see docs/dirroot-wrangling-strategy.md)"
public/admin/tool/xmldb/actions/delete_index/delete_index.class.php,85,@,str_replace,$CFG->dirroot,deferred,,"XMLDB tool: entry-point redesign, not per-row patch (see docs/dirroot-wrangling-strategy.md)"
public/admin/tool/xmldb/actions/delete_key/delete_key.class.php,81,@,str_replace,$CFG->dirroot,deferred,,"XMLDB tool: entry-point redesign, not per-row patch (see docs/dirroot-wrangling-strategy.md)"
public/admin/tool/xmldb/actions/delete_key/delete_key.class.php,85,@,str_replace,$CFG->dirroot,deferred,,"XMLDB tool: entry-point redesign, not per-row patch (see docs/dirroot-wrangling-strategy.md)"
public/admin/tool/xmldb/actions/delete_table/delete_table.class.php,80,@,str_replace,$CFG->dirroot,deferred,,"XMLDB tool: entry-point redesign, not per-row patch (see docs/dirroot-wrangling-strategy.md)"
public/admin/tool/xmldb/actions/delete_table/delete_table.class.php,84,@,str_replace,$CFG->dirroot,deferred,,"XMLDB tool: entry-point redesign, not per-row patch (see docs/dirroot-wrangling-strategy.md)"
public/admin/tool/xmldb/actions/delete_xml_file/delete_xml_file.class.php,79,@,str_replace,$CFG->dirroot,deferred,,"XMLDB tool: entry-point redesign, not per-row patch (see docs/dirroot-wrangling-strategy.md)"
public/admin/tool/xmldb/actions/edit_field/edit_field.class.php,111,@,str_replace,$CFG->dirroot,deferred,,"XMLDB tool: entry-point redesign, not per-row patch (see docs/dirroot-wrangling-strategy.md)"
public/admin/tool/xmldb/actions/edit_field/edit_field.class.php,180,@,str_replace,$CFG->dirroot,deferred,,"XMLDB tool: entry-point redesign, not per-row patch (see docs/dirroot-wrangling-strategy.md)"
public/admin/tool/xmldb/actions/edit_field/edit_field.class.php,186,@,str_replace,$CFG->dirroot,deferred,,"XMLDB tool: entry-point redesign, not per-row patch (see docs/dirroot-wrangling-strategy.md)"
public/admin/tool/xmldb/actions/edit_field/edit_field.class.php,191,@,str_replace,$CFG->dirroot,deferred,,"XMLDB tool: entry-point redesign, not per-row patch (see docs/dirroot-wrangling-strategy.md)"
public/admin/tool/xmldb/actions/edit_field_save/edit_field_save.class.php,219,@,str_replace,$CFG->dirroot,deferred,,"XMLDB tool: entry-point redesign, not per-row patch (see docs/dirroot-wrangling-strategy.md)"
public/admin/tool/xmldb/actions/edit_index/edit_index.class.php,103,@,str_replace,$CFG->dirroot,deferred,,"XMLDB tool: entry-point redesign, not per-row patch (see docs/dirroot-wrangling-strategy.md)"
public/admin/tool/xmldb/actions/edit_index/edit_index.class.php,142,@,str_replace,$CFG->dirroot,deferred,,"XMLDB tool: entry-point redesign, not per-row patch (see docs/dirroot-wrangling-strategy.md)"
public/admin/tool/xmldb/actions/edit_index/edit_index.class.php,148,@,str_replace,$CFG->dirroot,deferred,,"XMLDB tool: entry-point redesign, not per-row patch (see docs/dirroot-wrangling-strategy.md)"
public/admin/tool/xmldb/actions/edit_index/edit_index.class.php,153,@,str_replace,$CFG->dirroot,deferred,,"XMLDB tool: entry-point redesign, not per-row patch (see docs/dirroot-wrangling-strategy.md)"
public/admin/tool/xmldb/actions/edit_index_save/edit_index_save.class.php,183,@,str_replace,$CFG->dirroot,deferred,,"XMLDB tool: entry-point redesign, not per-row patch (see docs/dirroot-wrangling-strategy.md)"
public/admin/tool/xmldb/actions/edit_key/edit_key.class.php,103,@,str_replace,$CFG->dirroot,deferred,,"XMLDB tool: entry-point redesign, not per-row patch (see docs/dirroot-wrangling-strategy.md)"
public/admin/tool/xmldb/actions/edit_key/edit_key.class.php,152,@,str_replace,$CFG->dirroot,deferred,,"XMLDB tool: entry-point redesign, not per-row patch (see docs/dirroot-wrangling-strategy.md)"
public/admin/tool/xmldb/actions/edit_key/edit_key.class.php,158,@,str_replace,$CFG->dirroot,deferred,,"XMLDB tool: entry-point redesign, not per-row patch (see docs/dirroot-wrangling-strategy.md)"
public/admin/tool/xmldb/actions/edit_key/edit_key.class.php,163,@,str_replace,$CFG->dirroot,deferred,,"XMLDB tool: entry-point redesign, not per-row patch (see docs/dirroot-wrangling-strategy.md)"
public/admin/tool/xmldb/actions/edit_key_save/edit_key_save.class.php,248,@,str_replace,$CFG->dirroot,deferred,,"XMLDB tool: entry-point redesign, not per-row patch (see docs/dirroot-wrangling-strategy.md)"
public/admin/tool/xmldb/actions/edit_table/edit_table.class.php,124,@,str_replace,$CFG->dirroot,deferred,,"XMLDB tool: entry-point redesign, not per-row patch (see docs/dirroot-wrangling-strategy.md)"
public/admin/tool/xmldb/actions/edit_table/edit_table.class.php,158,@,str_replace,$CFG->dirroot,deferred,,"XMLDB tool: entry-point redesign, not per-row patch (see docs/dirroot-wrangling-strategy.md)"
public/admin/tool/xmldb/actions/edit_table/edit_table.class.php,164,@,str_replace,$CFG->dirroot,deferred,,"XMLDB tool: entry-point redesign, not per-row patch (see docs/dirroot-wrangling-strategy.md)"
public/admin/tool/xmldb/actions/edit_table/edit_table.class.php,169,@,str_replace,$CFG->dirroot,deferred,,"XMLDB tool: entry-point redesign, not per-row patch (see docs/dirroot-wrangling-strategy.md)"
public/admin/tool/xmldb/actions/edit_table/edit_table.class.php,171,@,str_replace,$CFG->dirroot,deferred,,"XMLDB tool: entry-point redesign, not per-row patch (see docs/dirroot-wrangling-strategy.md)"
public/admin/tool/xmldb/actions/edit_table/edit_table.class.php,173,@,str_replace,$CFG->dirroot,deferred,,"XMLDB tool: entry-point redesign, not per-row patch (see docs/dirroot-wrangling-strategy.md)"
public/admin/tool/xmldb/actions/edit_table/edit_table.class.php,178,@,str_replace,$CFG->dirroot,deferred,,"XMLDB tool: entry-point redesign, not per-row patch (see docs/dirroot-wrangling-strategy.md)"
public/admin/tool/xmldb/actions/edit_table/edit_table.class.php,180,@,str_replace,$CFG->dirroot,deferred,,"XMLDB tool: entry-point redesign, not per-row patch (see docs/dirroot-wrangling-strategy.md)"
public/admin/tool/xmldb/actions/edit_table/edit_table.class.php,186,@,str_replace,$CFG->dirroot,deferred,,"XMLDB tool: entry-point redesign, not per-row patch (see docs/dirroot-wrangling-strategy.md)"
public/admin/tool/xmldb/actions/edit_table/edit_table.class.php,192,@,str_replace,$CFG->dirroot,deferred,,"XMLDB tool: entry-point redesign, not per-row patch (see docs/dirroot-wrangling-strategy.md)"
public/admin/tool/xmldb/actions/edit_table/edit_table.class.php,192,@,str_replace,$CFG->dirroot,deferred,,"XMLDB tool: entry-point redesign, not per-row patch (see docs/dirroot-wrangling-strategy.md)"
public/admin/tool/xmldb/actions/edit_table/edit_table.class.php,195,@,str_replace,$CFG->dirroot,deferred,,"XMLDB tool: entry-point redesign, not per-row patch (see docs/dirroot-wrangling-strategy.md)"
public/admin/tool/xmldb/actions/edit_table/edit_table.class.php,222,@,str_replace,$CFG->dirroot,deferred,,"XMLDB tool: entry-point redesign, not per-row patch (see docs/dirroot-wrangling-strategy.md)"
public/admin/tool/xmldb/actions/edit_table/edit_table.class.php,230,@,str_replace,$CFG->dirroot,deferred,,"XMLDB tool: entry-point redesign, not per-row patch (see docs/dirroot-wrangling-strategy.md)"
public/admin/tool/xmldb/actions/edit_table/edit_table.class.php,238,@,str_replace,$CFG->dirroot,deferred,,"XMLDB tool: entry-point redesign, not per-row patch (see docs/dirroot-wrangling-strategy.md)"
public/admin/tool/xmldb/actions/edit_table/edit_table.class.php,246,@,str_replace,$CFG->dirroot,deferred,,"XMLDB tool: entry-point redesign, not per-row patch (see docs/dirroot-wrangling-strategy.md)"
public/admin/tool/xmldb/actions/edit_table/edit_table.class.php,252,@,str_replace,$CFG->dirroot,deferred,,"XMLDB tool: entry-point redesign, not per-row patch (see docs/dirroot-wrangling-strategy.md)"
public/admin/tool/xmldb/actions/edit_table/edit_table.class.php,282,@,str_replace,$CFG->dirroot,deferred,,"XMLDB tool: entry-point redesign, not per-row patch (see docs/dirroot-wrangling-strategy.md)"
public/admin/tool/xmldb/actions/edit_table/edit_table.class.php,290,@,str_replace,$CFG->dirroot,deferred,,"XMLDB tool: entry-point redesign, not per-row patch (see docs/dirroot-wrangling-strategy.md)"
public/admin/tool/xmldb/actions/edit_table/edit_table.class.php,298,@,str_replace,$CFG->dirroot,deferred,,"XMLDB tool: entry-point redesign, not per-row patch (see docs/dirroot-wrangling-strategy.md)"
public/admin/tool/xmldb/actions/edit_table/edit_table.class.php,305,@,str_replace,$CFG->dirroot,deferred,,"XMLDB tool: entry-point redesign, not per-row patch (see docs/dirroot-wrangling-strategy.md)"
public/admin/tool/xmldb/actions/edit_table/edit_table.class.php,311,@,str_replace,$CFG->dirroot,deferred,,"XMLDB tool: entry-point redesign, not per-row patch (see docs/dirroot-wrangling-strategy.md)"
public/admin/tool/xmldb/actions/edit_table/edit_table.class.php,337,@,str_replace,$CFG->dirroot,deferred,,"XMLDB tool: entry-point redesign, not per-row patch (see docs/dirroot-wrangling-strategy.md)"
public/admin/tool/xmldb/actions/edit_table/edit_table.class.php,344,@,str_replace,$CFG->dirroot,deferred,,"XMLDB tool: entry-point redesign, not per-row patch (see docs/dirroot-wrangling-strategy.md)"
public/admin/tool/xmldb/actions/edit_table/edit_table.class.php,348,@,str_replace,$CFG->dirroot,deferred,,"XMLDB tool: entry-point redesign, not per-row patch (see docs/dirroot-wrangling-strategy.md)"
public/admin/tool/xmldb/actions/edit_table/edit_table.class.php,351,@,str_replace,$CFG->dirroot,deferred,,"XMLDB tool: entry-point redesign, not per-row patch (see docs/dirroot-wrangling-strategy.md)"
public/admin/tool/xmldb/actions/edit_table/edit_table.class.php,354,@,str_replace,$CFG->dirroot,deferred,,"XMLDB tool: entry-point redesign, not per-row patch (see docs/dirroot-wrangling-strategy.md)"
public/admin/tool/xmldb/actions/edit_table_save/edit_table_save.class.php,110,@,str_replace,$CFG->dirroot,deferred,,"XMLDB tool: entry-point redesign, not per-row patch (see docs/dirroot-wrangling-strategy.md)"
public/admin/tool/xmldb/actions/edit_xml_file/edit_xml_file.class.php,113,@,str_replace,$CFG->dirroot,deferred,,"XMLDB tool: entry-point redesign, not per-row patch (see docs/dirroot-wrangling-strategy.md)"
public/admin/tool/xmldb/actions/edit_xml_file/edit_xml_file.class.php,143,@,str_replace,$CFG->dirroot,deferred,,"XMLDB tool: entry-point redesign, not per-row patch (see docs/dirroot-wrangling-strategy.md)"
public/admin/tool/xmldb/actions/edit_xml_file/edit_xml_file.class.php,146,@,str_replace,$CFG->dirroot,deferred,,"XMLDB tool: entry-point redesign, not per-row patch (see docs/dirroot-wrangling-strategy.md)"
public/admin/tool/xmldb/actions/edit_xml_file/edit_xml_file.class.php,151,@,str_replace,$CFG->dirroot,deferred,,"XMLDB tool: entry-point redesign, not per-row patch (see docs/dirroot-wrangling-strategy.md)"
public/admin/tool/xmldb/actions/edit_xml_file/edit_xml_file.class.php,154,@,str_replace,$CFG->dirroot,deferred,,"XMLDB tool: entry-point redesign, not per-row patch (see docs/dirroot-wrangling-strategy.md)"
public/admin/tool/xmldb/actions/edit_xml_file/edit_xml_file.class.php,160,@,str_replace,$CFG->dirroot,deferred,,"XMLDB tool: entry-point redesign, not per-row patch (see docs/dirroot-wrangling-strategy.md)"
public/admin/tool/xmldb/actions/edit_xml_file/edit_xml_file.class.php,162,@,str_replace,$CFG->dirroot,deferred,,"XMLDB tool: entry-point redesign, not per-row patch (see docs/dirroot-wrangling-strategy.md)"
public/admin/tool/xmldb/actions/edit_xml_file/edit_xml_file.class.php,165,@,str_replace,$CFG->dirroot,deferred,,"XMLDB tool: entry-point redesign, not per-row patch (see docs/dirroot-wrangling-strategy.md)"
public/admin/tool/xmldb/actions/edit_xml_file/edit_xml_file.class.php,165,@,str_replace,$CFG->dirroot,deferred,,"XMLDB tool: entry-point redesign, not per-row patch (see docs/dirroot-wrangling-strategy.md)"
public/admin/tool/xmldb/actions/edit_xml_file/edit_xml_file.class.php,193,@,str_replace,$CFG->dirroot,deferred,,"XMLDB tool: entry-point redesign, not per-row patch (see docs/dirroot-wrangling-strategy.md)"
public/admin/tool/xmldb/actions/edit_xml_file/edit_xml_file.class.php,198,@,str_replace,$CFG->dirroot,deferred,,"XMLDB tool: entry-point redesign, not per-row patch (see docs/dirroot-wrangling-strategy.md)"
public/admin/tool/xmldb/actions/edit_xml_file/edit_xml_file.class.php,202,@,str_replace,$CFG->dirroot,deferred,,"XMLDB tool: entry-point redesign, not per-row patch (see docs/dirroot-wrangling-strategy.md)"
public/admin/tool/xmldb/actions/edit_xml_file/edit_xml_file.class.php,208,@,str_replace,$CFG->dirroot,deferred,,"XMLDB tool: entry-point redesign, not per-row patch (see docs/dirroot-wrangling-strategy.md)"
public/admin/tool/xmldb/actions/edit_xml_file/edit_xml_file.class.php,214,@,str_replace,$CFG->dirroot,deferred,,"XMLDB tool: entry-point redesign, not per-row patch (see docs/dirroot-wrangling-strategy.md)"
public/admin/tool/xmldb/actions/generate_all_documentation/generate_all_documentation.class.php,98,@,str_replace,$CFG->dirroot,deferred,,"XMLDB tool: entry-point redesign, not per-row patch (see docs/dirroot-wrangling-strategy.md)"
public/admin/tool/xmldb/actions/main_view/main_view.class.php,127,@,str_replace,$CFG->dirroot,deferred,,"XMLDB tool: entry-point redesign, not per-row patch (see docs/dirroot-wrangling-strategy.md)"
public/admin/tool/xmldb/actions/main_view/main_view.class.php,130,@/,str_replace,$CFG->dirroot . '/',deferred,,"XMLDB tool: entry-point redesign, not per-row patch (see docs/dirroot-wrangling-strategy.md)"
public/admin/tool/xmldb/actions/main_view/main_view.class.php,151,@,str_replace,$CFG->dirroot,deferred,,"XMLDB tool: entry-point redesign, not per-row patch (see docs/dirroot-wrangling-strategy.md)"
public/admin/tool/xmldb/actions/main_view/main_view.class.php,161,@,str_replace,$CFG->dirroot,deferred,,"XMLDB tool: entry-point redesign, not per-row patch (see docs/dirroot-wrangling-strategy.md)"
public/admin/tool/xmldb/actions/main_view/main_view.class.php,171,@,str_replace,$CFG->dirroot,deferred,,"XMLDB tool: entry-point redesign, not per-row patch (see docs/dirroot-wrangling-strategy.md)"
public/admin/tool/xmldb/actions/main_view/main_view.class.php,182,@,str_replace,$CFG->dirroot,deferred,,"XMLDB tool: entry-point redesign, not per-row patch (see docs/dirroot-wrangling-strategy.md)"
public/admin/tool/xmldb/actions/main_view/main_view.class.php,194,@,str_replace,$CFG->dirroot,deferred,,"XMLDB tool: entry-point redesign, not per-row patch (see docs/dirroot-wrangling-strategy.md)"
public/admin/tool/xmldb/actions/main_view/main_view.class.php,209,@,str_replace,$CFG->dirroot,deferred,,"XMLDB tool: entry-point redesign, not per-row patch (see docs/dirroot-wrangling-strategy.md)"
public/admin/tool/xmldb/actions/main_view/main_view.class.php,218,@,str_replace,$CFG->dirroot,deferred,,"XMLDB tool: entry-point redesign, not per-row patch (see docs/dirroot-wrangling-strategy.md)"
public/admin/tool/xmldb/actions/main_view/main_view.class.php,230,@,str_replace,$CFG->dirroot,deferred,,"XMLDB tool: entry-point redesign, not per-row patch (see docs/dirroot-wrangling-strategy.md)"
public/admin/tool/xmldb/actions/main_view/main_view.class.php,241,@,str_replace,$CFG->dirroot,deferred,,"XMLDB tool: entry-point redesign, not per-row patch (see docs/dirroot-wrangling-strategy.md)"
public/admin/tool/xmldb/actions/main_view/main_view.class.php,252,@,str_replace,$CFG->dirroot,deferred,,"XMLDB tool: entry-point redesign, not per-row patch (see docs/dirroot-wrangling-strategy.md)"
public/admin/tool/xmldb/actions/new_table_from_mysql/new_table_from_mysql.class.php,114,@,str_replace,$CFG->dirroot,deferred,,"XMLDB tool: entry-point redesign, not per-row patch (see docs/dirroot-wrangling-strategy.md)"
public/admin/tool/xmldb/actions/new_table_from_mysql/new_table_from_mysql.class.php,121,@,str_replace,$CFG->dirroot,deferred,,"XMLDB tool: entry-point redesign, not per-row patch (see docs/dirroot-wrangling-strategy.md)"
public/admin/tool/xmldb/actions/reconcile_files/reconcile_files.class.php,102,@/,str_replace,$CFG->dirroot . '/',deferred,,"XMLDB tool: entry-point redesign, not per-row patch (see docs/dirroot-wrangling-strategy.md)"
public/admin/tool/xmldb/actions/revert_changes/revert_changes.class.php,79,@,str_replace,$CFG->dirroot,deferred,,"XMLDB tool: entry-point redesign, not per-row patch (see docs/dirroot-wrangling-strategy.md)"
public/admin/tool/xmldb/actions/view_structure_php/view_structure_php.class.php,96,@,str_replace,$CFG->dirroot,deferred,,"XMLDB tool: entry-point redesign, not per-row patch (see docs/dirroot-wrangling-strategy.md)"
public/admin/tool/xmldb/actions/view_structure_php/view_structure_php.class.php,114,@,str_replace,$CFG->dirroot,deferred,,"XMLDB tool: entry-point redesign, not per-row patch (see docs/dirroot-wrangling-strategy.md)"
public/admin/tool/xmldb/actions/view_structure_sql/view_structure_sql.class.php,84,@,str_replace,$CFG->dirroot,deferred,,"XMLDB tool: entry-point redesign, not per-row patch (see docs/dirroot-wrangling-strategy.md)"
public/admin/tool/xmldb/actions/view_table_php/view_table_php.class.php,109,@,str_replace,$CFG->dirroot,deferred,,"XMLDB tool: entry-point redesign, not per-row patch (see docs/dirroot-wrangling-strategy.md)"
public/admin/tool/xmldb/actions/view_table_php/view_table_php.class.php,162,@,str_replace,$CFG->dirroot,deferred,,"XMLDB tool: entry-point redesign, not per-row patch (see docs/dirroot-wrangling-strategy.md)"
public/admin/tool/xmldb/actions/view_table_sql/view_table_sql.class.php,91,@,str_replace,$CFG->dirroot,deferred,,"XMLDB tool: entry-point redesign, not per-row patch (see docs/dirroot-wrangling-strategy.md)"
public/cache/classes/definition.php,461,@,strpos,$CFG->dirroot,patched,cache-classes-definition.patch,Guard 'is overrideclassfile already absolute?' before resolving it as a mono path; strpos(dirroot) replaced with !is_inside_codebase(). Prepend on next line left to the rewriter (from_mono_path).
public/cache/classes/definition.php,484,@,strpos,$CFG->dirroot,patched,cache-classes-definition.patch,Same as line 461 for datasourcefile.
public/enrol/flatfile/lib.php,197,@/,strpos,$CFG->dirroot.'/',patched,enrol-flatfile-lib.patch,
public/filter/algebra/algebradebug.php,98,@,,$CFG->dirroot,patched,filter-algebra-algebradebug.patch,
public/filter/algebra/algebradebug.php,111,@,,$CFG->dirroot,patched,filter-algebra-algebradebug.patch,
public/filter/algebra/algebradebug.php,113,@,,$CFG->dirroot,patched,filter-algebra-algebradebug.patch,
public/filter/algebra/algebradebug.php,126,@,,$CFG->dirroot,patched,filter-algebra-algebradebug.patch,
public/filter/algebra/classes/text_filter.php,110,@,,$CFG->dirroot,patched,filter-algebra-classes-text_filter.patch,
public/filter/algebra/classes/text_filter.php,112,@,,$CFG->dirroot,patched,filter-algebra-classes-text_filter.patch,
public/grade/lib.php,1346,@,strlen,$CFG->dirroot,patched,grade-lib.patch,
public/install.php,165,@,,$CFG->dirroot,false-positive,,"Defines/sets dirroot itself, not wrangling; dirroot is not going away (2026-06-12)"
public/lib/adminlib.php,534,@/,strrev,$CFG->dirroot.'/',no-change,,"dirroot used as the web-server document root (checks whether dataroot sits inside the web-served tree); legitimate document-root use, not a code-location lookup, so left unchanged"
public/lib/adminlib.php,560,@/,strrev,$CFG->dirroot.'/',no-change,,"dirroot used as the web-server document root (checks whether dataroot sits inside the web-served tree); legitimate document-root use, not a code-location lookup, so left unchanged"
public/lib/behat/classes/behat_config_manager.php,284,@,symlink,$CFG->dirroot,deferred,,Test layer: encodes tests-run-in-mono-checkout; deferred as own category (2026-06-12)
public/lib/behat/classes/behat_config_util.php,249,@/,testing_cli_fix_directory_separator,$CFG->dirroot . DIRECTORY_SEPARATOR,deferred,,Test layer: encodes tests-run-in-mono-checkout; deferred as own category (2026-06-12)
public/lib/behat/classes/behat_config_util.php,558,@,,$CFG->dirroot,deferred,,Test layer: encodes tests-run-in-mono-checkout; deferred as own category (2026-06-12)
public/lib/behat/classes/behat_config_util.php,870,@/,realpath,__DIR__.'/../../../',deferred,,Test layer: encodes tests-run-in-mono-checkout; deferred as own category (2026-06-12)
public/lib/behat/classes/behat_config_util.php,1362,@,str_replace,$CFG->dirroot,deferred,,Test layer: encodes tests-run-in-mono-checkout; deferred as own category (2026-06-12)
public/lib/classes/component.php,566,@,,$CFG->dirroot,excluded,,Implementation/tests of core\component itself - the class being replaced. Leave alone completely for now (see docs/dirroot-wrangling-strategy.md)
public/lib/classes/component.php,2110,@,dirname,$CFG->dirroot,excluded,,Implementation/tests of core\component itself - the class being replaced. Leave alone completely for now (see docs/dirroot-wrangling-strategy.md)
public/lib/classes/event/manager.php,203,@,,$CFG->dirroot,no-change,,"Cached observer records hold absolute paths, so line 238 stores the dirroot they were built under and this line throws the cache away if it has changed. Never precise invalidation - it doesn't spot a new plugin either - just a guard against the whole install having moved. After the split a component can only be relocated by an upgrade, which purges the caches, so it still does its job. Not a path lookup; leave it."
public/lib/classes/event/manager.php,238,@,set,$CFG->dirroot,no-change,,"Stores the current dirroot with the observers cache for line 203 to check on the way back in. See the note there."
public/lib/classes/output/requirements/page_requirements_manager.php,613,@,strpos,$CFG->dirroot,patched,lib-classes-output-requirements-page_requirements_manager.patch,
public/lib/classes/output/requirements/page_requirements_manager.php,614,@,preg_quote,$CFG->dirroot,patched,lib-classes-output-requirements-page_requirements_manager.patch,
public/lib/classes/output/requirements/page_requirements_manager.php,891,@/,strpos,$CFG->dirroot . '/',patched,lib-classes-output-requirements-page_requirements_manager.patch,
public/lib/classes/output/requirements/page_requirements_manager.php,892,@,strlen,$CFG->dirroot,patched,lib-classes-output-requirements-page_requirements_manager.patch,
public/lib/classes/output/theme_config.php,1268,@,str_replace,$CFG->dirroot,no-change,,dirroot is the SCSS source-map basepath paired with wwwroot (document-root correspondence); no single path to convert. Left unchanged; recorded as a MAJOR splitting issue (source maps break for out-of-dirroot sources).
public/lib/classes/output/user_picture.php,361,@,strpos,$CFG->dirroot,patched,lib-classes-output-user_picture.patch,
public/lib/classes/output/user_picture.php,362,@,strlen,$CFG->dirroot,patched,lib-classes-output-user_picture.patch,
public/lib/classes/plugininfo/base.php,674,@,strlen,$CFG->dirroot,patched,lib-classes-plugininfo-base.patch,
public/lib/classes/router.php,104,@,realpath,$CFG->dirroot,no-change,,"guess_basepath(): realpath($CFG->dirroot) feeds only $scriptfile (assigned lines 103 and 109), which is then never read — the returned basepath ($scriptroot) is derived solely from $CFG->wwwroot. So this dirroot reference has no observable effect (dead code); left unchanged. Appears to be a latent upstream bug: the codebase-relative $scriptfile looks intended to feed the basepath but is discarded. (Supersedes the earlier ""document root"" rationale, which described intent, not what the code does.)"
public/lib/classes/router/route_loader.php,163,@,strlen,$CFG->dirroot,patched,lib-classes-router-route_loader.patch,
public/lib/classes/shutdown_manager.php,283,@,strlen,$CFG->dirroot,patched,lib-classes-shutdown_manager.patch,
public/lib/classes/test/phpunit/phpunit_util.php,671,@,str_replace,$CFG->dirroot,deferred,,Test layer: encodes tests-run-in-mono-checkout; deferred as own category (2026-06-12)
public/lib/classes/test/test_finder.php,143,@,str_replace,$CFG->dirroot,no-change,,"Test discovery works out for a split with no change here: methods 1+2 (get_plugin_list/get_core_subsystems) are component-driven and find relocated components; method 3's dirroot glob feeds array_diff and only ADDS the un-relocatable core-internal dirs (which stay under dirroot). Line 143's str_replace(dirroot) is safe because $key always comes from the dirroot glob. Verified on Docker 2026-07-11 (phpunit: 359 component-driven, catch-all adds 26 real core dirs + 255 nested-test artifacts). CAVEAT logged in splitting-potential-issues.md: the line-93 backup hack fudges the real subsystem dir backup/util/ui (3 phpunit tests) to dirroot/backup, so a relocated backup subsystem's tests would be missed."
public/lib/classes/update/code_manager.php,61,@,,$CFG->dirroot,no-change,,"constructor default for the 'app directory root'; stored on a protected property that is never read in the class; pattern-6 dirroot-as-a-value, no path operation; left unchanged"
public/lib/deprecatedlib.php,61,@,strlen,$CFG->dirroot,patched,lib-deprecatedlib.patch,
public/lib/javascript.php,64,@,,$CFG->dirroot,no-change,,"$CFG->dirroot === '/' degenerate shared-hosting (served-from-root) check next to the security gate; document-root property, no helper applies; left unchanged"
public/lib/javascript.php,68,@/,strpos,$CFG->dirroot . DIRECTORY_SEPARATOR,patched,lib-javascript.patch,
public/lib/jssourcemap.php,58,@,str_replace,$CFG->dirroot,patched,lib-jssourcemap.patch,
public/lib/moodlelib.php,5895,@/,str_replace,$CFG->dirroot . '/',patched,lib-moodlelib.patch,
public/lib/moodlelib.php,5986,@,,$CFG->dirroot,no-change,,"bare dirroot as an allowed base dir in the email-attachment allowlist (alongside dataroot/cachedir/tempdir/etc.); no path operation, left unchanged. Recorded as MAJOR splitting issue (relocated-component files silently rejected)."
public/lib/pdflib.php,135,@/,define,$CFG->dirroot . '/',no-change,,TCPDF K_PATH_IMAGES config constant (pattern-6 dirroot-as-a-value); left unchanged. Recorded as MAJOR splitting issue (component images unresolvable in generated PDFs).
public/lib/portfoliolib.php,1286,@,preg_quote,$CFG->dirroot,patched,lib-portfoliolib.patch,
public/lib/requirejs.php,166,@,str_replace,$CFG->dirroot,patched,lib-requirejs.patch,removed a dead $shortfilename assignment (str_replace result never read) — deletes the bare dirroot and the cruft
public/lib/setuplib.php,239,@,,$CFG->dirroot,patched,lib-setuplib.patch,
public/lib/setuplib.php,777,@,realpath,$CFG->dirroot,no-change,,"initialise_fullme_cli() computes $SCRIPT itself via realpath($CFG->dirroot) + a dirname()/$root fallback for 5.1 admin CLI scripts above dirroot; foundational mono-path-defining bootstrap code, uses realpath and the parent-root case the helpers don't model; left unchanged (same shape as router.php guess_basepath)"
public/lib/tests/admintree_test.php,171,@,output_html,$CFG->dirroot,deferred,,Test layer: encodes tests-run-in-mono-checkout; deferred as own category (2026-06-12)
public/lib/tests/behat/behat_hooks.php,270,@/,realpath,__DIR__.'/../../../',deferred,,Test layer: encodes tests-run-in-mono-checkout; deferred as own category (2026-06-12)
public/lib/tests/behat/behat_transformations.php,221,@,str_replace,$CFG->dirroot,deferred,,Test layer: encodes tests-run-in-mono-checkout; deferred as own category (2026-06-12)
public/lib/tests/component_test.php,80,@/,assertStringStartsWith,$CFG->dirroot . '/',excluded,,Implementation/tests of core\component itself - the class being replaced. Leave alone completely for now (see docs/dirroot-wrangling-strategy.md)
public/lib/tests/component_test.php,81,@,strlen,$CFG->dirroot,excluded,,Implementation/tests of core\component itself - the class being replaced. Leave alone completely for now (see docs/dirroot-wrangling-strategy.md)
public/lib/tests/component_test.php,185,@/,assertStringStartsWith,"""$CFG->dirroot/""",excluded,,Implementation/tests of core\component itself - the class being replaced. Leave alone completely for now (see docs/dirroot-wrangling-strategy.md)
public/lib/tests/component_test.php,189,@,strlen,$CFG->dirroot,excluded,,Implementation/tests of core\component itself - the class being replaced. Leave alone completely for now (see docs/dirroot-wrangling-strategy.md)
public/lib/tests/component_test.php,745,@,str_replace,$CFG->dirroot,excluded,,Implementation/tests of core\component itself - the class being replaced. Leave alone completely for now (see docs/dirroot-wrangling-strategy.md)
public/lib/tests/component_test.php,843,@,str_replace,$CFG->dirroot,excluded,,Implementation/tests of core\component itself - the class being replaced. Leave alone completely for now (see docs/dirroot-wrangling-strategy.md)
public/lib/tests/component_test.php,975,@,,$CFG->dirroot,excluded,,Implementation/tests of core\component itself - the class being replaced. Leave alone completely for now (see docs/dirroot-wrangling-strategy.md)
public/lib/tests/component_test.php,1428,@,,$CFG->dirroot,excluded,,Implementation/tests of core\component itself - the class being replaced. Leave alone completely for now (see docs/dirroot-wrangling-strategy.md)
public/lib/tests/component_test.php,1467,@,,$CFG->dirroot,excluded,,Implementation/tests of core\component itself - the class being replaced. Leave alone completely for now (see docs/dirroot-wrangling-strategy.md)
public/lib/tests/component_test.php,1514,@,,$CFG->dirroot,excluded,,Implementation/tests of core\component itself - the class being replaced. Leave alone completely for now (see docs/dirroot-wrangling-strategy.md)
public/lib/tests/component_test.php,1982,@,str_contains,$CFG->dirroot,excluded,,Implementation/tests of core\component itself - the class being replaced. Leave alone completely for now (see docs/dirroot-wrangling-strategy.md)
public/lib/tests/moodlelib_test.php,3517,@,,$CFG->dirroot,deferred,,Test layer: encodes tests-run-in-mono-checkout; deferred as own category (2026-06-12)
public/lib/tests/other/todochecker.php,50,@,recurseFolders,$CFG->dirroot,deferred,,"Developer TODO-scanner that walks the whole source tree; after the split, starting from dirroot only covers public/, and the whole-codebase enumeration needs reworking rather than a per-row helper swap. Deferred."
public/lib/tests/other/todochecker.php,116,@/,str_replace,$CFG->dirroot . '/',deferred,,"Developer TODO-scanner that walks the whole source tree; after the split, starting from dirroot only covers public/, and the whole-codebase enumeration needs reworking rather than a per-row helper swap. Deferred."
public/lib/tests/output/icon_system_fontawesome_test.php,40,@,,$CFG->dirroot,deferred,,Test layer: encodes tests-run-in-mono-checkout; deferred as own category (2026-06-12)
public/lib/tests/output/mustache_template_finder_test.php,155,@,,$CFG->dirroot,deferred,,Test layer: encodes tests-run-in-mono-checkout; deferred as own category (2026-06-12)
public/lib/upgradelib.php,153,@,str_replace,$CFG->dirroot,patched,lib-upgradelib.patch,"Misplaced-plugin exception message; str_replace(dirroot, '$CFG->dirroot', ...) display scrub replaced with '$CFG->dirroot' . to_mono_path(..., leadingslash: true) (behaviour-identical in the monolith). Post-split it reports the original dirroot-relative location, not the file's real path. Recorded in splitting-potential-issues.md."
public/lib/upgradelib.php,156,@,str_replace,$CFG->dirroot,patched,lib-upgradelib.patch,"Misplaced-plugin exception message; str_replace(dirroot, '$CFG->dirroot', ...) display scrub replaced with '$CFG->dirroot' . to_mono_path(..., leadingslash: true) (behaviour-identical in the monolith). Post-split it reports the original dirroot-relative location, not the file's real path. Recorded in splitting-potential-issues.md."
public/lib/weblib.php,2238,@/,str_replace,$CFG->dirroot . '/',patched,lib-weblib.patch,"X-Redirect-By debug header; strips the dirroot prefix from the backtrace file. Patched to to_mono_path (no fallback), matching the moodlelib X-header — both come from the backtrace so the file is always inside the codebase."
public/lib/xmldb/xmldb_structure.php,246,@,realpath,$CFG->dirroot,patched,lib-xmldb-xmldb_structure.patch,"Whole-file patch. Error-message relative path: dirroot strip -> to_mono_path($filepath, leadingslash: false) (kept inside dirname()); cuts by length so a realpath'd backslash path on Windows is handled. Patch also carries the already-done expected-location line (from_mono_path), which had no backing patch before."
public/mnet/xmlrpc/serverlib.php,614,@,strlen,$CFG->dirroot,patched,mnet-xmlrpc-serverlib.patch,Strips dirroot off a plugin's directory to get its short path -> to_mono_path(leadingslash: false). Original 'hacky/fragile' comment kept.
public/mod/forum/classes/subscriber_selector_base.php,80,@/,strlen,$CFG->dirroot.'/',patched,mod-forum-classes-subscriber_selector_base.patch,"Records __FILE__'s short path into saved search options -> to_mono_path(__FILE__, leadingslash: false); dropped now-unused global $CFG."
public/mod/h5pactivity/tests/generator/lib.php,58,@,strpos,$CFG->dirroot,patched,mod-h5pactivity-tests-generator-lib.patch,"strpos($path, dirroot) !== 0 (already-absolute? guard) -> !is_inside_codebase($path, '') (bare-prefix form)."
public/mod/scorm/tests/generator/lib.php,82,@,strpos,$CFG->dirroot,patched,mod-scorm-tests-generator-lib.patch,"strpos($path, dirroot) !== 0 (already-absolute? guard) -> !is_inside_codebase($path, '') (bare-prefix form)."
public/search/engine/solr/classes/check/connection.php,121,@,str_replace,$CFG->dirroot,todo,,
public/theme/yui_combo.php,309,@,preg_quote,$CFG->dirroot,patched,theme-yui_combo.patch,"Display only: builds the ""Combo resource ... not found"" comment in the served JS/CSS, stripping dirroot off $contentfile and prefixing the literal '$CFG->dirroot' so the message reads as a mono path. Same swap as enrol_flatfile and plugin_misplaced_exception. $contentfile can come from get_component_directory(), so once that component moves outside dirroot the printed path is a mono path that no longer exists - accepted, see splitting-potential-issues.md."
